,Ø Êmbolo (mm),Ø Haste (mm),Curso (mm),Modelo,Norma,Fabricante,Comprimento Total (mm),Rosca Haste,Conexão Pneumática,▯ Distância Quadrada Fixações (mm),Parafuso de Fixação,Pressão Máxima (Bar)
0,32,12,20,DSBC-32-20-PPSA-N3,15552,Festo,161.1,"M10x1,25",G1/8,32.5,M6,12
1,32,12,25,DSBC-32-25-PPSA-N3,15552,Festo,166.1,"M10x1,25",G1/8,32.5,M6,12
2,32,12,30,DSBC-32-30-PPSA-N3,15552,Festo,171.1,"M10x1,25",G1/8,32.5,M6,12
3,32,12,40,DSBC-32-40-PPSA-N3,15552,Festo,181.1,"M10x1,25",G1/8,32.5,M6,12
4,32,12,50,DSBC-32-50-PPSA-N3,15552,Festo,191.1,"M10x1,25",G1/8,32.5,M6,12
5,32,12,100,DSBC-32-100-PPSA-N3,15552,Festo,241.1,"M10x1,25",G1/8,32.5,M6,12
6,32,12,70,DSBC-32-70-PPSA-N3,15552,Festo,211.1,"M10x1,25",G1/8,32.5,M6,12
7,32,12,60,DSBC-32-60-PPSA-N3,15552,Festo,201.1,"M10x1,25",G1/8,32.5,M6,12
8,32,12,80,DSBC-32-80-PPSA-N3,15552,Festo,221.1,"M10x1,25",G1/8,32.5,M6,12
9,32,12,125,DSBC-32-125-PPSA-N3,15552,Festo,266.1,"M10x1,25",G1/8,32.5,M6,12
10,32,12,500,DSBC-32-500-PPSA-N3,15552,Festo,641.1,"M10x1,25",G1/8,32.5,M6,12
11,32,12,400,DSBC-32-400-PPSA-N3,15552,Festo,541.1,"M10x1,25",G1/8,32.5,M6,12
12,32,12,200,DSBC-32-200-PPSA-N3,15552,Festo,341.1,"M10x1,25",G1/8,32.5,M6,12
13,32,12,250,DSBC-32-250-PPSA-N3,15552,Festo,391.1,"M10x1,25",G1/8,32.5,M6,12
14,32,12,160,DSBC-32-160-PPSA-N3,15552,Festo,301.1,"M10x1,25",G1/8,32.5,M6,12
15,32,12,150,DSBC-32-150-PPSA-N3,15552,Festo,291.1,"M10x1,25",G1/8,32.5,M6,12
16,32,12,300,DSBC-32-300-PPSA-N3,15552,Festo,441.1,"M10x1,25",G1/8,32.5,M6,12
17,32,12,320,DSBC-32-320-PPSA-N3,15552,Festo,461.1,"M10x1,25",G1/8,32.5,M6,12
18,40,16,100,DSBC-40-100-PPSA-N3,15552,Festo,257.9,"M12x1,25",G1/4,38.0,M6,12
19,40,16,160,DSBC-40-160-PPSA-N3,15552,Festo,317.9,"M12x1,25",G1/4,38.0,M6,12
20,40,16,500,DSBC-40-500-PPSA-N3,15552,Festo,657.9,"M12x1,25",G1/4,38.0,M6,12
21,40,16,400,DSBC-40-400-PPSA-N3,15552,Festo,557.9,"M12x1,25",G1/4,38.0,M6,12
22,40,16,320,DSBC-40-320-PPSA-N3,15552,Festo,477.9,"M12x1,25",G1/4,38.0,M6,12
23,40,16,200,DSBC-40-200-PPSA-N3,15552,Festo,357.9,"M12x1,25",G1/4,38.0,M6,12
24,40,16,60,DSBC-40-60-PPSA-N3,15552,Festo,217.9,"M12x1,25",G1/4,38.0,M6,12
25,40,16,70,DSBC-40-70-PPSA-N3,15552,Festo,227.9,"M12x1,25",G1/4,38.0,M6,12
26,40,16,80,DSBC-40-80-PPSA-N3,15552,Festo,237.9,"M12x1,25",G1/4,38.0,M6,12
27,40,16,50,DSBC-40-50-PPSA-N3,15552,Festo,207.9,"M12x1,25",G1/4,38.0,M6,12
28,40,16,40,DSBC-40-40-PPSA-N3,15552,Festo,197.9,"M12x1,25",G1/4,38.0,M6,12
29,40,16,30,DSBC-40-30-PPSA-N3,15552,Festo,187.9,"M12x1,25",G1/4,38.0,M6,12
30,40,16,25,DSBC-40-25-PPSA-N3,15552,Festo,182.9,"M12x1,25",G1/4,38.0,M6,12
31,40,16,20,DSBC-40-20-PPSA-N3,15552,Festo,177.9,"M12x1,25",G1/4,38.0,M6,12
32,40,16,125,DSBC-40-125-PPSA-N3,15552,Festo,282.9,"M12x1,25",G1/4,38.0,M6,12
33,40,16,150,DSBC-40-150-PPSA-N3,15552,Festo,307.9,"M12x1,25",G1/4,38.0,M6,12
34,40,16,250,DSBC-40-250-PPSA-N3,15552,Festo,407.9,"M12x1,25",G1/4,38.0,M6,12
35,40,16,300,DSBC-40-300-PPSA-N3,15552,Festo,457.9,"M12x1,25",G1/4,38.0,M6,12
36,50,20,80,DSBC-50-80-PPSA-N3,15552,Festo,253.8,"M16x1,5",G1/4,46.5,M8,12
37,50,20,100,DSBC-50-100-PPSA-N3,15552,Festo,273.8,"M16x1,5",G1/4,46.5,M8,12
38,50,20,125,DSBC-50-125-PPSA-N3,15552,Festo,298.8,"M16x1,5",G1/4,46.5,M8,12
39,50,20,50,DSBC-50-50-PPSA-N3,15552,Festo,223.8,"M16x1,5",G1/4,46.5,M8,12
40,50,20,300,DSBC-50-300-PPSA-N3,15552,Festo,473.8,"M16x1,5",G1/4,46.5,M8,12
41,50,20,320,DSBC-50-320-PPSA-N3,15552,Festo,493.8,"M16x1,5",G1/4,46.5,M8,12
42,50,20,400,DSBC-50-400-PPSA-N3,15552,Festo,573.8,"M16x1,5",G1/4,46.5,M8,12
43,50,20,500,DSBC-50-500-PPSA-N3,15552,Festo,673.8,"M16x1,5",G1/4,46.5,M8,12
44,50,20,200,DSBC-50-200-PPSA-N3,15552,Festo,373.8,"M16x1,5",G1/4,46.5,M8,12
45,50,20,250,DSBC-50-250-PPSA-N3,15552,Festo,423.8,"M16x1,5",G1/4,46.5,M8,12
46,50,20,150,DSBC-50-150-PPSA-N3,15552,Festo,323.8,"M16x1,5",G1/4,46.5,M8,12
47,50,20,160,DSBC-50-160-PPSA-N3,15552,Festo,333.8,"M16x1,5",G1/4,46.5,M8,12
48,50,20,25,DSBC-50-25-PPSA-N3,15552,Festo,198.8,"M16x1,5",G1/4,46.5,M8,12
49,50,20,40,DSBC-50-40-PPSA-N3,15552,Festo,213.8,"M16x1,5",G1/4,46.5,M8,12
50,50,20,20,DSBC-50-20-PPSA-N3,15552,Festo,193.8,"M16x1,5",G1/4,46.5,M8,12
51,50,20,30,DSBC-50-30-PPSA-N3,15552,Festo,203.8,"M16x1,5",G1/4,46.5,M8,12
52,50,20,60,DSBC-50-60-PPSA-N3,15552,Festo,233.8,"M16x1,5",G1/4,46.5,M8,12
53,50,20,70,DSBC-50-70-PPSA-N3,15552,Festo,243.8,"M16x1,5",G1/4,46.5,M8,12
54,63,20,30,DSBC-63-30-PPSA-N3,15552,Festo,219.1,"M16x1,5",G3/8,56.5,M8,12
55,63,20,200,DSBC-63-200-PPSA-N3,15552,Festo,389.1,"M16x1,5",G3/8,56.5,M8,12
56,63,20,100,DSBC-63-100-PPSA-N3,15552,Festo,289.1,"M16x1,5",G3/8,56.5,M8,12
57,63,20,80,DSBC-63-80-PPSA-N3,15552,Festo,269.1,"M16x1,5",G3/8,56.5,M8,12
58,63,20,70,DSBC-63-70-PPSA-N3,15552,Festo,259.1,"M16x1,5",G3/8,56.5,M8,12
59,63,20,60,DSBC-63-60-PPSA-N3,15552,Festo,249.1,"M16x1,5",G3/8,56.5,M8,12
60,63,20,50,DSBC-63-50-PPSA-N3,15552,Festo,239.1,"M16x1,5",G3/8,56.5,M8,12
61,63,20,40,DSBC-63-40-PPSA-N3,15552,Festo,229.1,"M16x1,5",G3/8,56.5,M8,12
62,63,20,20,DSBC-63-20-PPSA-N3,15552,Festo,209.1,"M16x1,5",G3/8,56.5,M8,12
63,63,20,25,DSBC-63-25-PPSA-N3,15552,Festo,214.1,"M16x1,5",G3/8,56.5,M8,12
64,63,20,320,DSBC-63-320-PPSA-N3,15552,Festo,509.1,"M16x1,5",G3/8,56.5,M8,12
65,63,20,400,DSBC-63-400-PPSA-N3,15552,Festo,589.1,"M16x1,5",G3/8,56.5,M8,12
66,63,20,300,DSBC-63-300-PPSA-N3,15552,Festo,489.1,"M16x1,5",G3/8,56.5,M8,12
67,63,20,500,DSBC-63-500-PPSA-N3,15552,Festo,689.1,"M16x1,5",G3/8,56.5,M8,12
68,63,20,250,DSBC-63-250-PPSA-N3,15552,Festo,439.1,"M16x1,5",G3/8,56.5,M8,12
69,63,20,160,DSBC-63-160-PPSA-N3,15552,Festo,349.1,"M16x1,5",G3/8,56.5,M8,12
70,63,20,150,DSBC-63-150-PPSA-N3,15552,Festo,339.1,"M16x1,5",G3/8,56.5,M8,12
71,63,20,125,DSBC-63-125-PPSA-N3,15552,Festo,314.1,"M16x1,5",G3/8,56.5,M8,12
72,80,25,250,DSBC-80-250-PPSA-N3,15552,Festo,463.6,"M20x1,5",G3/8,72.0,M10,12
73,80,25,160,DSBC-80-160-PPSA-N3,15552,Festo,373.6,"M20x1,5",G3/8,72.0,M10,12
74,80,25,125,DSBC-80-125-PPSA-N3,15552,Festo,338.6,"M20x1,5",G3/8,72.0,M10,12
75,80,25,400,DSBC-80-400-PPSA-N3,15552,Festo,613.6,"M20x1,5",G3/8,72.0,M10,12
76,80,25,200,DSBC-80-200-PPSA-N3,15552,Festo,413.6,"M20x1,5",G3/8,72.0,M10,12
77,80,25,500,DSBC-80-500-PPSA-N3,15552,Festo,713.6,"M20x1,5",G3/8,72.0,M10,12
78,80,25,300,DSBC-80-300-PPSA-N3,15552,Festo,513.6,"M20x1,5",G3/8,72.0,M10,12
79,80,25,320,DSBC-80-320-PPSA-N3,15552,Festo,533.6,"M20x1,5",G3/8,72.0,M10,12
80,80,25,70,DSBC-80-70-PPSA-N3,15552,Festo,283.6,"M20x1,5",G3/8,72.0,M10,12
81,80,25,80,DSBC-80-80-PPSA-N3,15552,Festo,293.6,"M20x1,5",G3/8,72.0,M10,12
82,80,25,60,DSBC-80-60-PPSA-N3,15552,Festo,273.6,"M20x1,5",G3/8,72.0,M10,12
83,80,25,50,DSBC-80-50-PPSA-N3,15552,Festo,263.6,"M20x1,5",G3/8,72.0,M10,12
84,80,25,25,DSBC-80-25-PPSA-N3,15552,Festo,238.6,"M20x1,5",G3/8,72.0,M10,12
85,80,25,20,DSBC-80-20-PPSA-N3,15552,Festo,233.6,"M20x1,5",G3/8,72.0,M10,12
86,80,25,30,DSBC-80-30-PPSA-N3,15552,Festo,243.6,"M20x1,5",G3/8,72.0,M10,12
87,80,25,40,DSBC-80-40-PPSA-N3,15552,Festo,253.6,"M20x1,5",G3/8,72.0,M10,12
88,80,25,100,DSBC-80-100-PPSA-N3,15552,Festo,313.6,"M20x1,5",G3/8,72.0,M10,12
89,80,25,150,DSBC-80-150-PPSA-N3,15552,Festo,363.6,"M20x1,5",G3/8,72.0,M10,12
90,100,25,40,DSBC-100-40-PPSA-N3,15552,Festo,267.5,"M20x1,5",G1/2,89.0,M10,12
91,100,25,30,DSBC-100-30-PPSA-N3,15552,Festo,257.5,"M20x1,5",G1/2,89.0,M10,12
92,100,25,70,DSBC-100-70-PPSA-N3,15552,Festo,297.5,"M20x1,5",G1/2,89.0,M10,12
93,100,25,60,DSBC-100-60-PPSA-N3,15552,Festo,287.5,"M20x1,5",G1/2,89.0,M10,12
94,100,25,80,DSBC-100-80-PPSA-N3,15552,Festo,307.5,"M20x1,5",G1/2,89.0,M10,12
95,100,25,100,DSBC-100-100-PPSA-N3,15552,Festo,327.5,"M20x1,5",G1/2,89.0,M10,12
96,100,25,400,DSBC-100-400-PPSA-N3,15552,Festo,627.5,"M20x1,5",G1/2,89.0,M10,12
97,100,25,250,DSBC-100-250-PPSA-N3,15552,Festo,477.5,"M20x1,5",G1/2,89.0,M10,12
98,100,25,500,DSBC-100-500-PPSA-N3,15552,Festo,727.5,"M20x1,5",G1/2,89.0,M10,12
99,100,25,320,DSBC-100-320-PPSA-N3,15552,Festo,547.5,"M20x1,5",G1/2,89.0,M10,12
100,100,25,300,DSBC-100-300-PPSA-N3,15552,Festo,527.5,"M20x1,5",G1/2,89.0,M10,12
101,100,25,125,DSBC-100-125-PPSA-N3,15552,Festo,352.5,"M20x1,5",G1/2,89.0,M10,12
102,100,25,160,DSBC-100-160-PPSA-N3,15552,Festo,387.5,"M20x1,5",G1/2,89.0,M10,12
103,100,25,200,DSBC-100-200-PPSA-N3,15552,Festo,427.5,"M20x1,5",G1/2,89.0,M10,12
104,100,25,150,DSBC-100-150-PPSA-N3,15552,Festo,377.5,"M20x1,5",G1/2,89.0,M10,12
105,100,25,50,DSBC-100-50-PPSA-N3,15552,Festo,277.5,"M20x1,5",G1/2,89.0,M10,12
106,100,25,20,DSBC-100-20-PPSA-N3,15552,Festo,247.5,"M20x1,5",G1/2,89.0,M10,12
107,100,25,25,DSBC-100-25-PPSA-N3,15552,Festo,252.5,"M20x1,5",G1/2,89.0,M10,12
108,125,32,25,DSBC-125-25-PPSA-N3,15552,Festo,304.0,M27x2,G1/2,110.0,M12,12
109,125,32,20,DSBC-125-20-PPSA-N3,15552,Festo,299.0,M27x2,G1/2,110.0,M12,12
110,125,32,30,DSBC-125-30-PPSA-N3,15552,Festo,309.0,M27x2,G1/2,110.0,M12,12
111,125,32,40,DSBC-125-40-PPSA-N3,15552,Festo,319.0,M27x2,G1/2,110.0,M12,12
112,125,32,100,DSBC-125-100-PPSA-N3,15552,Festo,379.0,M27x2,G1/2,110.0,M12,12
113,125,32,80,DSBC-125-80-PPSA-N3,15552,Festo,359.0,M27x2,G1/2,110.0,M12,12
114,125,32,70,DSBC-125-70-PPSA-N3,15552,Festo,349.0,M27x2,G1/2,110.0,M12,12
115,125,32,60,DSBC-125-60-PPSA-N3,15552,Festo,339.0,M27x2,G1/2,110.0,M12,12
116,125,32,50,DSBC-125-50-PPSA-N3,15552,Festo,329.0,M27x2,G1/2,110.0,M12,12
117,125,32,160,DSBC-125-160-PPSA-N3,15552,Festo,439.0,M27x2,G1/2,110.0,M12,12
118,125,32,125,DSBC-125-125-PPSA-N3,15552,Festo,404.0,M27x2,G1/2,110.0,M12,12
119,125,32,150,DSBC-125-150-PPSA-N3,15552,Festo,429.0,M27x2,G1/2,110.0,M12,12
120,125,32,200,DSBC-125-200-PPSA-N3,15552,Festo,479.0,M27x2,G1/2,110.0,M12,12
121,125,32,320,DSBC-125-320-PPSA-N3,15552,Festo,599.0,M27x2,G1/2,110.0,M12,12
122,125,32,250,DSBC-125-250-PPSA-N3,15552,Festo,529.0,M27x2,G1/2,110.0,M12,12
123,125,32,300,DSBC-125-300-PPSA-N3,15552,Festo,579.0,M27x2,G1/2,110.0,M12,12
124,125,32,400,DSBC-125-400-PPSA-N3,15552,Festo,679.0,M27x2,G1/2,110.0,M12,12
125,125,32,500,DSBC-125-500-PPSA-N3,15552,Festo,779.0,M27x2,G1/2,110.0,M12,12
126,12,6,10,ADN-12-10-A-P-A,21287,Festo,59.2,M5,M5,16.0,M4,10
127,12,6,15,ADN-12-15-A-P-A,21287,Festo,64.2,M5,M5,16.0,M4,10
128,12,6,20,ADN-12-20-A-P-A,21287,Festo,69.2,M5,M5,16.0,M4,10
129,12,6,25,ADN-12-25-A-P-A,21287,Festo,74.2,M5,M5,16.0,M4,10
130,12,6,30,ADN-12-30-A-P-A,21287,Festo,79.2,M5,M5,16.0,M4,10
131,12,6,40,ADN-12-40-A-P-A,21287,Festo,89.2,M5,M5,16.0,M4,10
132,12,6,60,ADN-12-60-A-P-A,21287,Festo,109.2,M5,M5,16.0,M4,10
133,12,6,50,ADN-12-50-A-P-A,21287,Festo,99.2,M5,M5,16.0,M4,10
134,12,6,80,ADN-12-80-A-P-A,21287,Festo,129.2,M5,M5,16.0,M4,10
135,16,8,30,ADN-16-30-A-P-A,21287,Festo,81.7,M6,M5,18.0,M4,10
136,16,8,25,ADN-16-25-A-P-A,21287,Festo,76.7,M6,M5,18.0,M4,10
137,16,8,40,ADN-16-40-A-P-A,21287,Festo,91.7,M6,M5,18.0,M4,10
138,16,8,60,ADN-16-60-A-P-A,21287,Festo,111.7,M6,M5,18.0,M4,10
139,16,8,10,ADN-16-10-A-P-A,21287,Festo,61.7,M6,M5,18.0,M4,10
140,16,8,20,ADN-16-20-A-P-A,21287,Festo,71.7,M6,M5,18.0,M4,10
141,16,8,15,ADN-16-15-A-P-A,21287,Festo,66.7,M6,M5,18.0,M4,10
142,16,8,50,ADN-16-50-A-P-A,21287,Festo,101.7,M6,M5,18.0,M4,10
143,16,8,80,ADN-16-80-A-P-A,21287,Festo,131.7,M6,M5,18.0,M4,10
144,20,10,30,ADN-20-30-A-P-A,21287,Festo,88.5,M8,M5,22.0,M5,10
145,20,10,40,ADN-20-40-A-P-A,21287,Festo,98.5,M8,M5,22.0,M5,10
146,20,10,20,ADN-20-20-A-P-A,21287,Festo,78.5,M8,M5,22.0,M5,10
147,20,10,25,ADN-20-25-A-P-A,21287,Festo,83.5,M8,M5,22.0,M5,10
148,20,10,10,ADN-20-10-A-P-A,21287,Festo,68.5,M8,M5,22.0,M5,10
149,20,10,80,ADN-20-80-A-P-A,21287,Festo,138.5,M8,M5,22.0,M5,10
150,20,10,60,ADN-20-60-A-P-A,21287,Festo,118.5,M8,M5,22.0,M5,10
151,20,10,50,ADN-20-50-A-P-A,21287,Festo,108.5,M8,M5,22.0,M5,10
152,20,10,15,ADN-20-15-A-P-A,21287,Festo,73.5,M8,M5,22.0,M5,10
153,25,10,15,ADN-25-15-A-P-A,21287,Festo,75.5,M8,M5,26.0,M5,10
154,25,10,25,ADN-25-25-A-P-A,21287,Festo,85.5,M8,M5,26.0,M5,10
155,25,10,30,ADN-25-30-A-P-A,21287,Festo,90.5,M8,M5,26.0,M5,10
156,25,10,40,ADN-25-40-A-P-A,21287,Festo,100.5,M8,M5,26.0,M5,10
157,25,10,20,ADN-25-20-A-P-A,21287,Festo,80.5,M8,M5,26.0,M5,10
158,25,10,80,ADN-25-80-A-P-A,21287,Festo,140.5,M8,M5,26.0,M5,10
159,25,10,50,ADN-25-50-A-P-A,21287,Festo,110.5,M8,M5,26.0,M5,10
160,25,10,60,ADN-25-60-A-P-A,21287,Festo,120.5,M8,M5,26.0,M5,10
161,25,10,10,ADN-25-10-A-P-A,21287,Festo,70.5,M8,M5,26.0,M5,10
162,32,12,15,ADN-32-15-A-P-A,21287,Festo,84.0,M10x1.25,G1/8,32.5,M6,10
163,32,12,50,ADN-32-50-A-P-A,21287,Festo,119.0,M10x1.25,G1/8,32.5,M6,10
164,32,12,80,ADN-32-80-A-P-A,21287,Festo,149.0,M10x1.25,G1/8,32.5,M6,10
165,32,12,60,ADN-32-60-A-P-A,21287,Festo,129.0,M10x1.25,G1/8,32.5,M6,10
166,32,12,20,ADN-32-20-A-P-A,21287,Festo,89.0,M10x1.25,G1/8,32.5,M6,10
167,32,12,30,ADN-32-30-A-P-A,21287,Festo,99.0,M10x1.25,G1/8,32.5,M6,10
168,32,12,40,ADN-32-40-A-P-A,21287,Festo,109.0,M10x1.25,G1/8,32.5,M6,10
169,32,12,25,ADN-32-25-A-P-A,21287,Festo,94.0,M10x1.25,G1/8,32.5,M6,10
170,32,12,10,ADN-32-10-A-P-A,21287,Festo,79.0,M10x1.25,G1/8,32.5,M6,10
171,40,12,30,ADN-40-30-A-P-A,21287,Festo,100.1,M10x1.25,G1/8,38.0,M6,10
172,40,12,60,ADN-40-60-A-P-A,21287,Festo,130.1,M10x1.25,G1/8,38.0,M6,10
173,40,12,80,ADN-40-80-A-P-A,21287,Festo,150.1,M10x1.25,G1/8,38.0,M6,10
174,40,12,50,ADN-40-50-A-P-A,21287,Festo,120.1,M10x1.25,G1/8,38.0,M6,10
175,40,12,40,ADN-40-40-A-P-A,21287,Festo,110.1,M10x1.25,G1/8,38.0,M6,10
176,40,12,20,ADN-40-20-A-P-A,21287,Festo,90.1,M10x1.25,G1/8,38.0,M6,10
177,40,12,25,ADN-40-25-A-P-A,21287,Festo,95.1,M10x1.25,G1/8,38.0,M6,10
178,40,12,15,ADN-40-15-A-P-A,21287,Festo,85.1,M10x1.25,G1/8,38.0,M6,10
179,40,12,10,ADN-40-10-A-P-A,21287,Festo,80.1,M10x1.25,G1/8,38.0,M6,10
180,50,16,25,ADN-50-25-A-P-A,21287,Festo,99.7,M12x1.25,G1/8,46.5,M8,10
181,50,16,20,ADN-50-20-A-P-A,21287,Festo,94.7,M12x1.25,G1/8,46.5,M8,10
182,50,16,15,ADN-50-15-A-P-A,21287,Festo,89.7,M12x1.25,G1/8,46.5,M8,10
183,50,16,10,ADN-50-10-A-P-A,21287,Festo,84.7,M12x1.25,G1/8,46.5,M8,10
184,50,16,30,ADN-50-30-A-P-A,21287,Festo,104.7,M12x1.25,G1/8,46.5,M8,10
185,50,16,50,ADN-50-50-A-P-A,21287,Festo,124.7,M12x1.25,G1/8,46.5,M8,10
186,50,16,60,ADN-50-60-A-P-A,21287,Festo,134.7,M12x1.25,G1/8,46.5,M8,10
187,50,16,80,ADN-50-80-A-P-A,21287,Festo,154.7,M12x1.25,G1/8,46.5,M8,10
188,50,16,40,ADN-50-40-A-P-A,21287,Festo,114.7,M12x1.25,G1/8,46.5,M8,10
189,63,16,20,ADN-63-20-A-P-A,21287,Festo,98.5,M12x1.25,G1/8,56.5,M8,10
190,63,16,30,ADN-63-30-A-P-A,21287,Festo,108.5,M12x1.25,G1/8,56.5,M8,10
191,63,16,40,ADN-63-40-A-P-A,21287,Festo,118.5,M12x1.25,G1/8,56.5,M8,10
192,63,16,25,ADN-63-25-A-P-A,21287,Festo,103.5,M12x1.25,G1/8,56.5,M8,10
193,63,16,10,ADN-63-10-A-P-A,21287,Festo,88.5,M12x1.25,G1/8,56.5,M8,10
194,63,16,15,ADN-63-15-A-P-A,21287,Festo,93.5,M12x1.25,G1/8,56.5,M8,10
195,63,16,50,ADN-63-50-A-P-A,21287,Festo,128.5,M12x1.25,G1/8,56.5,M8,10
196,63,16,80,ADN-63-80-A-P-A,21287,Festo,158.5,M12x1.25,G1/8,56.5,M8,10
197,63,16,60,ADN-63-60-A-P-A,21287,Festo,138.5,M12x1.25,G1/8,56.5,M8,10
198,80,20,50,ADN-80-50-A-P-A,21287,Festo,140.9,M16x1.5,G1/8,72.0,M10,10
199,80,20,60,ADN-80-60-A-P-A,21287,Festo,150.9,M16x1.5,G1/8,72.0,M10,10
200,80,20,10,ADN-80-10-A-P-A,21287,Festo,100.9,M16x1.5,G1/8,72.0,M10,10
201,80,20,15,ADN-80-15-A-P-A,21287,Festo,105.9,M16x1.5,G1/8,72.0,M10,10
202,80,20,20,ADN-80-20-A-P-A,21287,Festo,110.9,M16x1.5,G1/8,72.0,M10,10
203,80,20,25,ADN-80-25-A-P-A,21287,Festo,115.9,M16x1.5,G1/8,72.0,M10,10
204,80,20,40,ADN-80-40-A-P-A,21287,Festo,130.9,M16x1.5,G1/8,72.0,M10,10
205,80,20,30,ADN-80-30-A-P-A,21287,Festo,120.9,M16x1.5,G1/8,72.0,M10,10
206,80,20,80,ADN-80-80-A-P-A,21287,Festo,170.9,M16x1.5,G1/8,72.0,M10,10
207,100,20,10,ADN-100-10-A-P-A,21287,Festo,114.0,M16x1.5,G1/8,89.0,M10,10
208,100,20,20,ADN-100-20-A-P-A,21287,Festo,124.0,M16x1.5,G1/8,89.0,M10,10
209,100,20,40,ADN-100-40-A-P-A,21287,Festo,144.0,M16x1.5,G1/8,89.0,M10,10
210,100,20,60,ADN-100-60-A-P-A,21287,Festo,164.0,M16x1.5,G1/8,89.0,M10,10
211,100,20,15,ADN-100-15-A-P-A,21287,Festo,119.0,M16x1.5,G1/8,89.0,M10,10
212,100,20,25,ADN-100-25-A-P-A,21287,Festo,129.0,M16x1.5,G1/8,89.0,M10,10
213,100,20,30,ADN-100-30-A-P-A,21287,Festo,134.0,M16x1.5,G1/8,89.0,M10,10
214,100,20,80,ADN-100-80-A-P-A,21287,Festo,184.0,M16x1.5,G1/8,89.0,M10,10
215,100,20,50,ADN-100-50-A-P-A,21287,Festo,154.0,M16x1.5,G1/8,89.0,M10,10
216,125,25,30,ADN-125-30-A-P-A,21287,Festo,162.0,M20x1.5,G1/4,110.0,M12,10
217,125,25,15,ADN-125-15-A-P-A,21287,Festo,147.0,M20x1.5,G1/4,110.0,M12,10
218,125,25,10,ADN-125-10-A-P-A,21287,Festo,142.0,M20x1.5,G1/4,110.0,M12,10
219,125,25,25,ADN-125-25-A-P-A,21287,Festo,157.0,M20x1.5,G1/4,110.0,M12,10
220,125,25,20,ADN-125-20-A-P-A,21287,Festo,152.0,M20x1.5,G1/4,110.0,M12,10
221,125,25,40,ADN-125-40-A-P-A,21287,Festo,172.0,M20x1.5,G1/4,110.0,M12,10
222,125,25,60,ADN-125-60-A-P-A,21287,Festo,192.0,M20x1.5,G1/4,110.0,M12,10
223,125,25,50,ADN-125-50-A-P-A,21287,Festo,182.0,M20x1.5,G1/4,110.0,M12,10
224,125,25,80,ADN-125-80-A-P-A,21287,Festo,212.0,M20x1.5,G1/4,110.0,M12,10
225,32,12,10,CP96SDB32-10C,15552,SMC,156.0,"M10x1,25",G1/8,32.5,M6,10
226,32,12,20,CP96SDB32-20C,15552,SMC,166.0,"M10x1,25",G1/8,32.5,M6,10
227,32,12,30,CP96SDB32-30C,15552,SMC,176.0,"M10x1,25",G1/8,32.5,M6,10
228,32,12,40,CP96SDB32-40C,15552,SMC,186.0,"M10x1,25",G1/8,32.5,M6,10
229,32,12,60,CP96SDB32-60C,15552,SMC,206.0,"M10x1,25",G1/8,32.5,M6,10
230,32,12,70,CP96SDB32-70C,15552,SMC,216.0,"M10x1,25",G1/8,32.5,M6,10
231,32,12,75,CP96SDB32-75C,15552,SMC,221.0,"M10x1,25",G1/8,32.5,M6,10
232,32,12,95,CP96SDB32-95C,15552,SMC,241.0,"M10x1,25",G1/8,32.5,M6,10
233,32,12,125,CP96SDB32-125C,15552,SMC,271.0,"M10x1,25",G1/8,32.5,M6,10
234,32,12,150,CP96SDB32-150C,15552,SMC,296.0,"M10x1,25",G1/8,32.5,M6,10
235,32,12,160,CP96SDB32-160C,15552,SMC,306.0,"M10x1,25",G1/8,32.5,M6,10
236,32,12,180,CP96SDB32-180C,15552,SMC,326.0,"M10x1,25",G1/8,32.5,M6,10
237,32,12,200,CP96SDB32-200C,15552,SMC,346.0,"M10x1,25",G1/8,32.5,M6,10
238,32,12,250,CP96SDB32-250C,15552,SMC,396.0,"M10x1,25",G1/8,32.5,M6,10
239,32,12,300,CP96SDB32-300C,15552,SMC,446.0,"M10x1,25",G1/8,32.5,M6,10
240,32,12,320,CP96SDB32-320C,15552,SMC,466.0,"M10x1,25",G1/8,32.5,M6,10
241,32,12,335,CP96SDB32-335C,15552,SMC,481.0,"M10x1,25",G1/8,32.5,M6,10
242,32,12,350,CP96SDB32-350C,15552,SMC,496.0,"M10x1,25",G1/8,32.5,M6,10
243,32,12,400,CP96SDB32-400C,15552,SMC,546.0,"M10x1,25",G1/8,32.5,M6,10
244,32,12,500,CP96SDB32-500C,15552,SMC,646.0,"M10x1,25",G1/8,32.5,M6,10
245,40,16,20,CP96SDB40-20C,15552,SMC,183.0,"M12x1,25",G1/4,38.0,M6,10
246,40,16,25,CP96SDB40-25C,15552,SMC,188.0,"M12x1,25",G1/4,38.0,M6,10
247,40,16,30,CP96SDB40-30C,15552,SMC,193.0,"M12x1,25",G1/4,38.0,M6,10
248,40,16,40,CP96SDB40-40C,15552,SMC,203.0,"M12x1,25",G1/4,38.0,M6,10
249,40,16,50,CP96SDB40-50C,15552,SMC,213.0,"M12x1,25",G1/4,38.0,M6,10
250,40,16,60,CP96SDB40-60C,15552,SMC,223.0,"M12x1,25",G1/4,38.0,M6,10
251,40,16,70,CP96SDB40-70C,15552,SMC,233.0,"M12x1,25",G1/4,38.0,M6,10
252,40,16,80,CP96SDB40-80C,15552,SMC,243.0,"M12x1,25",G1/4,38.0,M6,10
253,40,16,100,CP96SDB40-100C,15552,SMC,263.0,"M12x1,25",G1/4,38.0,M6,10
254,40,16,125,CP96SDB40-125C,15552,SMC,288.0,"M12x1,25",G1/4,38.0,M6,10
255,40,16,150,CP96SDB40-150C,15552,SMC,313.0,"M12x1,25",G1/4,38.0,M6,10
256,40,16,160,CP96SDB40-160C,15552,SMC,323.0,"M12x1,25",G1/4,38.0,M6,10
257,40,16,200,CP96SDB40-200C,15552,SMC,363.0,"M12x1,25",G1/4,38.0,M6,10
258,40,16,250,CP96SDB40-250C,15552,SMC,413.0,"M12x1,25",G1/4,38.0,M6,10
259,40,16,300,CP96SDB40-300C,15552,SMC,463.0,"M12x1,25",G1/4,38.0,M6,10
260,40,16,320,CP96SDB40-320C,15552,SMC,483.0,"M12x1,25",G1/4,38.0,M6,10
261,40,16,350,CP96SDB40-350C,15552,SMC,513.0,"M12x1,25",G1/4,38.0,M6,10
262,40,16,400,CP96SDB40-400C,15552,SMC,563.0,"M12x1,25",G1/4,38.0,M6,10
263,40,16,500,CP96SDB40-500C,15552,SMC,663.0,"M12x1,25",G1/4,38.0,M6,10
264,40,16,700,CP96SDB40-700C,15552,SMC,863.0,"M12x1,25",G1/4,38.0,M6,10
265,50,20,20,CP96SDB50-20C,15552,SMC,199.0,"M16x1,5",G1/4,46.5,M8,10
266,50,20,25,CP96SDB50-25C,15552,SMC,204.0,"M16x1,5",G1/4,46.5,M8,10
267,50,20,30,CP96SDB50-30C,15552,SMC,209.0,"M16x1,5",G1/4,46.5,M8,10
268,50,20,40,CP96SDB50-40C,15552,SMC,219.0,"M16x1,5",G1/4,46.5,M8,10
269,50,20,50,CP96SDB50-50C,15552,SMC,229.0,"M16x1,5",G1/4,46.5,M8,10
270,50,20,60,CP96SDB50-60C,15552,SMC,239.0,"M16x1,5",G1/4,46.5,M8,10
271,50,20,70,CP96SDB50-70C,15552,SMC,249.0,"M16x1,5",G1/4,46.5,M8,10
272,50,20,80,CP96SDB50-80C,15552,SMC,259.0,"M16x1,5",G1/4,46.5,M8,10
273,50,20,100,CP96SDB50-100C,15552,SMC,279.0,"M16x1,5",G1/4,46.5,M8,10
274,50,20,120,CP96SDB50-120C,15552,SMC,299.0,"M16x1,5",G1/4,46.5,M8,10
275,50,20,125,CP96SDB50-125C,15552,SMC,304.0,"M16x1,5",G1/4,46.5,M8,10
276,50,20,150,CP96SDB50-150C,15552,SMC,329.0,"M16x1,5",G1/4,46.5,M8,10
277,50,20,160,CP96SDB50-160C,15552,SMC,339.0,"M16x1,5",G1/4,46.5,M8,10
278,50,20,200,CP96SDB50-200C,15552,SMC,379.0,"M16x1,5",G1/4,46.5,M8,10
279,50,20,250,CP96SDB50-250C,15552,SMC,429.0,"M16x1,5",G1/4,46.5,M8,10
280,50,20,300,CP96SDB50-300C,15552,SMC,479.0,"M16x1,5",G1/4,46.5,M8,10
281,50,20,320,CP96SDB50-320C,15552,SMC,499.0,"M16x1,5",G1/4,46.5,M8,10
282,50,20,350,CP96SDB50-350C,15552,SMC,529.0,"M16x1,5",G1/4,46.5,M8,10
283,50,20,400,CP96SDB50-400C,15552,SMC,579.0,"M16x1,5",G1/4,46.5,M8,10
284,50,20,450,CP96SDB50-450C,15552,SMC,629.0,"M16x1,5",G1/4,46.5,M8,10
285,50,20,500,CP96SDB50-500C,15552,SMC,679.0,"M16x1,5",G1/4,46.5,M8,10
286,50,20,520,CP96SDB50-520C,15552,SMC,699.0,"M16x1,5",G1/4,46.5,M8,10
287,50,20,800,CP96SDB50-800C,15552,SMC,979.0,"M16x1,5",G1/4,46.5,M8,10
288,50,20,900,CP96SDB50-900C,15552,SMC,1079.0,"M16x1,5",G1/4,46.5,M8,10
289,50,20,1254,CP96SDB50-1254C,15552,SMC,1433.0,"M16x1,5",G1/4,46.5,M8,10
290,63,20,20,CP96SDB63-20C,15552,SMC,214.0,"M16x1,5",G3/8,56.5,M8,10
291,63,20,25,CP96SDB63-25C,15552,SMC,219.0,"M16x1,5",G3/8,56.5,M8,10
292,63,20,30,CP96SDB63-30C,15552,SMC,224.0,"M16x1,5",G3/8,56.5,M8,10
293,63,20,40,CP96SDB63-40C,15552,SMC,234.0,"M16x1,5",G3/8,56.5,M8,10
294,63,20,50,CP96SDB63-50C,15552,SMC,244.0,"M16x1,5",G3/8,56.5,M8,10
295,63,20,60,CP96SDB63-60C,15552,SMC,254.0,"M16x1,5",G3/8,56.5,M8,10
296,63,20,70,CP96SDB63-70C,15552,SMC,264.0,"M16x1,5",G3/8,56.5,M8,10
297,63,20,80,CP96SDB63-80C,15552,SMC,274.0,"M16x1,5",G3/8,56.5,M8,10
298,63,20,100,CP96SDB63-100C,15552,SMC,294.0,"M16x1,5",G3/8,56.5,M8,10
299,63,20,125,CP96SDB63-125C,15552,SMC,319.0,"M16x1,5",G3/8,56.5,M8,10
300,63,20,150,CP96SDB63-150C,15552,SMC,344.0,"M16x1,5",G3/8,56.5,M8,10
301,63,20,160,CP96SDB63-160C,15552,SMC,354.0,"M16x1,5",G3/8,56.5,M8,10
302,63,20,200,CP96SDB63-200C,15552,SMC,394.0,"M16x1,5",G3/8,56.5,M8,10
303,63,20,250,CP96SDB63-250C,15552,SMC,444.0,"M16x1,5",G3/8,56.5,M8,10
304,63,20,300,CP96SDB63-300C,15552,SMC,494.0,"M16x1,5",G3/8,56.5,M8,10
305,63,20,320,CP96SDB63-320C,15552,SMC,514.0,"M16x1,5",G3/8,56.5,M8,10
306,63,20,380,CP96SDB63-380C,15552,SMC,574.0,"M16x1,5",G3/8,56.5,M8,10
307,63,20,400,CP96SDB63-400C,15552,SMC,594.0,"M16x1,5",G3/8,56.5,M8,10
308,63,20,500,CP96SDB63-500C,15552,SMC,694.0,"M16x1,5",G3/8,56.5,M8,10
309,63,20,1250,CP96SDB63-1250C,15552,SMC,1444.0,"M16x1,5",G3/8,56.5,M8,10
310,80,25,20,CP96SDB80-20C,15552,SMC,238.0,"M20x1,5",G3/8,72.0,M10,10
311,80,25,25,CP96SDB80-25C,15552,SMC,243.0,"M20x1,5",G3/8,72.0,M10,10
312,80,25,30,CP96SDB80-30C,15552,SMC,248.0,"M20x1,5",G3/8,72.0,M10,10
313,80,25,40,CP96SDB80-40C,15552,SMC,258.0,"M20x1,5",G3/8,72.0,M10,10
314,80,25,50,CP96SDB80-50C,15552,SMC,268.0,"M20x1,5",G3/8,72.0,M10,10
315,80,25,60,CP96SDB80-60C,15552,SMC,278.0,"M20x1,5",G3/8,72.0,M10,10
316,80,25,70,CP96SDB80-70C,15552,SMC,288.0,"M20x1,5",G3/8,72.0,M10,10
317,80,25,80,CP96SDB80-80C,15552,SMC,298.0,"M20x1,5",G3/8,72.0,M10,10
318,80,25,100,CP96SDB80-100C,15552,SMC,318.0,"M20x1,5",G3/8,72.0,M10,10
319,80,25,125,CP96SDB80-125C,15552,SMC,343.0,"M20x1,5",G3/8,72.0,M10,10
320,80,25,150,CP96SDB80-150C,15552,SMC,368.0,"M20x1,5",G3/8,72.0,M10,10
321,80,25,160,CP96SDB80-160C,15552,SMC,378.0,"M20x1,5",G3/8,72.0,M10,10
322,80,25,200,CP96SDB80-200C,15552,SMC,418.0,"M20x1,5",G3/8,72.0,M10,10
323,80,25,250,CP96SDB80-250C,15552,SMC,468.0,"M20x1,5",G3/8,72.0,M10,10
324,80,25,300,CP96SDB80-300C,15552,SMC,518.0,"M20x1,5",G3/8,72.0,M10,10
325,80,25,320,CP96SDB80-320C,15552,SMC,538.0,"M20x1,5",G3/8,72.0,M10,10
326,80,25,390,CP96SDB80-390C,15552,SMC,608.0,"M20x1,5",G3/8,72.0,M10,10
327,80,25,400,CP96SDB80-400C,15552,SMC,618.0,"M20x1,5",G3/8,72.0,M10,10
328,80,25,460,CP96SDB80-460C,15552,SMC,678.0,"M20x1,5",G3/8,72.0,M10,10
329,80,25,470,CP96SDB80-470C,15552,SMC,688.0,"M20x1,5",G3/8,72.0,M10,10
330,80,25,500,CP96SDB80-500C,15552,SMC,718.0,"M20x1,5",G3/8,72.0,M10,10
331,80,25,985,CP96SDB80-985C,15552,SMC,1203.0,"M20x1,5",G3/8,72.0,M10,10
332,100,25,25,CP96SDB100-25C,15552,SMC,258.0,"M20x1,5",G1/2,89.0,M10,10
333,100,25,30,CP96SDB100-30C,15552,SMC,263.0,"M20x1,5",G1/2,89.0,M10,10
334,100,25,40,CP96SDB100-40C,15552,SMC,273.0,"M20x1,5",G1/2,89.0,M10,10
335,100,25,50,CP96SDB100-50C,15552,SMC,283.0,"M20x1,5",G1/2,89.0,M10,10
336,100,25,60,CP96SDB100-60C,15552,SMC,293.0,"M20x1,5",G1/2,89.0,M10,10
337,100,25,70,CP96SDB100-70C,15552,SMC,303.0,"M20x1,5",G1/2,89.0,M10,10
338,100,25,80,CP96SDB100-80C,15552,SMC,313.0,"M20x1,5",G1/2,89.0,M10,10
339,100,25,100,CP96SDB100-100C,15552,SMC,333.0,"M20x1,5",G1/2,89.0,M10,10
340,100,25,125,CP96SDB100-125C,15552,SMC,358.0,"M20x1,5",G1/2,89.0,M10,10
341,100,25,150,CP96SDB100-150C,15552,SMC,383.0,"M20x1,5",G1/2,89.0,M10,10
342,100,25,160,CP96SDB100-160C,15552,SMC,393.0,"M20x1,5",G1/2,89.0,M10,10
343,100,25,200,CP96SDB100-200C,15552,SMC,433.0,"M20x1,5",G1/2,89.0,M10,10
344,100,25,250,CP96SDB100-250C,15552,SMC,483.0,"M20x1,5",G1/2,89.0,M10,10
345,100,25,300,CP96SDB100-300C,15552,SMC,533.0,"M20x1,5",G1/2,89.0,M10,10
346,100,25,320,CP96SDB100-320C,15552,SMC,553.0,"M20x1,5",G1/2,89.0,M10,10
347,100,25,400,CP96SDB100-400C,15552,SMC,633.0,"M20x1,5",G1/2,89.0,M10,10
348,100,25,500,CP96SDB100-500C,15552,SMC,733.0,"M20x1,5",G1/2,89.0,M10,10
349,20,8,5,CD55B20-5M,21287,SMC,70.0,M8,M5,22.0,M5,10
350,20,8,100,CD55B20-100M,21287,SMC,165.0,M8,M5,22.0,M5,10
351,20,8,125,CD55B20-125M,21287,SMC,190.0,M8,M5,22.0,M5,10
352,20,8,150,CD55B20-150M,21287,SMC,215.0,M8,M5,22.0,M5,10
353,25,10,5,CD55B25-5M,21287,SMC,72.0,M8,M5,26.0,M5,10
354,25,10,10,CD55B25-10M,21287,SMC,77.0,M8,M5,26.0,M5,10
355,25,10,15,CD55B25-15M,21287,SMC,82.0,M8,M5,26.0,M5,10
356,25,10,80,CD55B25-80M,21287,SMC,147.0,M8,M5,26.0,M5,10
357,25,10,100,CD55B25-100M,21287,SMC,167.0,M8,M5,26.0,M5,10
358,25,10,125,CD55B25-125M,21287,SMC,192.0,M8,M5,26.0,M5,10
359,25,10,150,CD55B25-150M,21287,SMC,217.0,M8,M5,26.0,M5,10
360,32,12,5,CD55B32-5M,21287,SMC,82.0,M10x1.25,G1/8,32.5,M6,10
361,32,12,10,CD55B32-10M,21287,SMC,87.0,M10x1.25,G1/8,32.5,M6,10
362,32,12,100,CD55B32-100M,21287,SMC,177.0,M10x1.25,G1/8,32.5,M6,10
363,32,12,125,CD55B32-125M,21287,SMC,202.0,M10x1.25,G1/8,32.5,M6,10
364,32,12,150,CD55B32-150M,21287,SMC,227.0,M10x1.25,G1/8,32.5,M6,10
365,40,16,5,CD55B40-5M,21287,SMC,83.0,M10x1.25,G1/8,38.0,M6,10
366,40,16,45,CD55B40-45M,21287,SMC,123.0,M10x1.25,G1/8,38.0,M6,10
367,40,16,50,CD55B40-50M,21287,SMC,128.0,M10x1.25,G1/8,38.0,M6,10
368,40,16,100,CD55B40-100M,21287,SMC,178.0,M10x1.25,G1/8,38.0,M6,10
369,40,16,125,CD55B40-125M,21287,SMC,203.0,M10x1.25,G1/8,38.0,M6,10
370,40,16,150,CD55B40-150M,21287,SMC,228.0,M10x1.25,G1/8,38.0,M6,10
371,50,20,5,CD55B50-5M,21287,SMC,88.0,M12x1.25,G1/8,46.5,M8,10
372,50,20,100,CD55B50-100M,21287,SMC,183.0,M12x1.25,G1/8,46.5,M8,10
373,50,20,125,CD55B50-125M,21287,SMC,208.0,M12x1.25,G1/8,46.5,M8,10
374,50,20,150,CD55B50-150M,21287,SMC,233.0,M12x1.25,G1/8,46.5,M8,10
375,63,20,5,CD55B63-5M,21287,SMC,92.0,M12x1.25,G1/8,56.5,M8,10
376,63,20,100,CD55B63-100M,21287,SMC,187.0,M12x1.25,G1/8,56.5,M8,10
377,63,20,125,CD55B63-125M,21287,SMC,212.0,M12x1.25,G1/8,56.5,M8,10
378,63,20,150,CD55B63-150M,21287,SMC,237.0,M12x1.25,G1/8,56.5,M8,10
379,80,25,10,CD55B80-10M,21287,SMC,102.0,M16x1.5,G1/8,72.0,M10,10
380,80,25,15,CD55B80-15M,21287,SMC,107.0,M16x1.5,G1/8,72.0,M10,10
381,80,25,20,CD55B80-20M,21287,SMC,112.0,M16x1.5,G1/8,72.0,M10,10
382,80,25,25,CD55B80-25M,21287,SMC,117.0,M16x1.5,G1/8,72.0,M10,10
383,80,25,30,CD55B80-30M,21287,SMC,122.0,M16x1.5,G1/8,72.0,M10,10
384,80,25,35,CD55B80-35M,21287,SMC,127.0,M16x1.5,G1/8,72.0,M10,10
385,80,25,40,CD55B80-40M,21287,SMC,132.0,M16x1.5,G1/8,72.0,M10,10
386,80,25,45,CD55B80-45M,21287,SMC,137.0,M16x1.5,G1/8,72.0,M10,10
387,80,25,50,CD55B80-50M,21287,SMC,142.0,M16x1.5,G1/8,72.0,M10,10
388,80,25,60,CD55B80-60M,21287,SMC,152.0,M16x1.5,G1/8,72.0,M10,10
389,80,25,80,CD55B80-80M,21287,SMC,172.0,M16x1.5,G1/8,72.0,M10,10
390,80,25,100,CD55B80-100M,21287,SMC,192.0,M16x1.5,G1/8,72.0,M10,10
391,80,25,125,CD55B80-125M,21287,SMC,217.0,M16x1.5,G1/8,72.0,M10,10
392,100,25,20,CD55B100-20M,21287,SMC,126.5,M16x1.5,G1/8,89.0,M10,10
393,100,25,25,CD55B100-25M,21287,SMC,131.5,M16x1.5,G1/8,89.0,M10,10
394,100,25,30,CD55B100-30M,21287,SMC,136.5,M16x1.5,G1/8,89.0,M10,10
395,100,25,35,CD55B100-35M,21287,SMC,141.5,M16x1.5,G1/8,89.0,M10,10
396,100,25,40,CD55B100-40M,21287,SMC,146.5,M16x1.5,G1/8,89.0,M10,10
397,100,25,45,CD55B100-45M,21287,SMC,151.5,M16x1.5,G1/8,89.0,M10,10
398,100,25,50,CD55B100-50M,21287,SMC,156.5,M16x1.5,G1/8,89.0,M10,10
399,100,25,60,CD55B100-60M,21287,SMC,166.5,M16x1.5,G1/8,89.0,M10,10
400,100,25,80,CD55B100-80M,21287,SMC,186.5,M16x1.5,G1/8,89.0,M10,10
